Insert into user(id, email, phone_no, designation, is_enabled, name, organization, password, username) VALUES
(1, 'scadmin@cdot.in','9999999901' , 'SC_ADM',   true, 'name1', 'nccs','$2a$10$oUq5k.VdtWn8aLTuWvoEzuq42aQFdu3qFWqsMbublGdPQfW4n0yL.', 'scadmin'),
(2, 'scddg@cdot.in','9999999902' , 'SC_DDG',   true, 'name2', 'nccs','$2a$10$oUq5k.VdtWn8aLTuWvoEzuq42aQFdu3qFWqsMbublGdPQfW4n0yL.', 'scddg'),
(3, 'scdirector@cdot.in','9999999903' , 'SC_DIR',   true, 'name3', 'nccs','$2a$10$oUq5k.VdtWn8aLTuWvoEzuq42aQFdu3qFWqsMbublGdPQfW4n0yL.', 'scdirector'),
(4, 'scslradmin@cdot.in','9999999904' , 'SC_SLR',   true, 'name4', 'nccs','$2a$10$oUq5k.VdtWn8aLTuWvoEzuq42aQFdu3qFWqsMbublGdPQfW4n0yL.', 'scslradmin'),
(5, 'scmanager@cdot.in','9999999905' , 'SC_CER',   true, 'name5', 'nccs','$2a$10$oUq5k.VdtWn8aLTuWvoEzuq42aQFdu3qFWqsMbublGdPQfW4n0yL.', 'scmanager'),
(6, 'scvalidator@cdot.in','9999999906' , 'SC_VAL',   true, 'name6', 'nccs','$2a$10$oUq5k.VdtWn8aLTuWvoEzuq42aQFdu3qFWqsMbublGdPQfW4n0yL.', 'scvalidator'),
(7, 'scevaluator@cdot.in','9999999907' , 'SC_EVA',   true, 'name7', 'nccs','$2a$10$oUq5k.VdtWn8aLTuWvoEzuq42aQFdu3qFWqsMbublGdPQfW4n0yL.', 'scevaluator'),
(8, 'sasadmin@cdot.in','9999999908' , 'SAS_ADM',  true, 'name8', 'nccs','$2a$10$oUq5k.VdtWn8aLTuWvoEzuq42aQFdu3qFWqsMbublGdPQfW4n0yL.', 'sasadmin'),
(9, 'sasreviewer@cdot.in','9999999909' , 'SAS_REV',  true, 'name9', 'nccs','$2a$10$oUq5k.VdtWn8aLTuWvoEzuq42aQFdu3qFWqsMbublGdPQfW4n0yL.', 'sasreviewer'),
(10,'sasproposer@cdot.in','9999999910' , 'SAS_PRo',  true, 'name10', 'nccs','$2a$10$oUq5k.VdtWn8aLTuWvoEzuq42aQFdu3qFWqsMbublGdPQfW4n0yL.','sasproposer'),
(11,'sasconfigurator@cdot.in','9999999911' , 'SAS_CON',  true, 'name11', 'nccs','$2a$10$oUq5k.VdtWn8aLTuWvoEzuq42aQFdu3qFWqsMbublGdPQfW4n0yL.','sasconfigurator'),
(12,'slradmin@cdot.in','9999999912' , 'SLR_ADM',  true, 'name12', 'nccs','$2a$10$oUq5k.VdtWn8aLTuWvoEzuq42aQFdu3qFWqsMbublGdPQfW4n0yL.','slradmin'),
(13,'slrtstl@cdot.in','9999999913' , 'SLR_TST',  true, 'name13', 'nccs','$2a$10$oUq5k.VdtWn8aLTuWvoEzuq42aQFdu3qFWqsMbublGdPQfW4n0yL.','slrtstl'),
(14,'slrtda@cdot.in','9999999914' , 'SLR_TDA',  true, 'name14', 'nccs','$2a$10$oUq5k.VdtWn8aLTuWvoEzuq42aQFdu3qFWqsMbublGdPQfW4n0yL.','slrtda'),
(15,'slrtdm@cdot.in','9999999915' , 'SLR_TDM',  true, 'name15', 'nccs','$2a$10$oUq5k.VdtWn8aLTuWvoEzuq42aQFdu3qFWqsMbublGdPQfW4n0yL.','slrtdm'),
(16,'slrtdp@cdot.in','9999999916' , 'SLR_TDP',  true, 'name16', 'nccs','$2a$10$oUq5k.VdtWn8aLTuWvoEzuq42aQFdu3qFWqsMbublGdPQfW4n0yL.','slrtdp'),
(17,'slrdesignated@cdot.in','9999999917' , 'SLR_DSN',  true, 'name17', 'nccs','$2a$10$oUq5k.VdtWn8aLTuWvoEzuq42aQFdu3qFWqsMbublGdPQfW4n0yL.','slrdesignated'),
(18,'mtcte@cdot.in','9999999918' , 'MTCTE_APP',true, 'name18', 'nccs','$2a$10$oUq5k.VdtWn8aLTuWvoEzuq42aQFdu3qFWqsMbublGdPQfW4n0yL.','mtcte'),
(19,'admin@cdot.in','9999999919' , 'OP_ADM',   true, 'name19', 'nccs','$2a$10$g1c/GaLj1iDKO6t46AizReV/hHT.JhYdgN2/vgmBwHqfjjgklIOAK','admin'),
(20,'consolidator@cdot.in','9999999920' , 'OP_CON',   true, 'name20', 'nccs','$2a$10$oUq5k.VdtWn8aLTuWvoEzuq42aQFdu3qFWqsMbublGdPQfW4n0yL.','consolidator'),
(21,'webmanager@cdot.in','9999999921' , 'OP_WEB',   true, 'name21', 'nccs','$2a$10$oUq5k.VdtWn8aLTuWvoEzuq42aQFdu3qFWqsMbublGdPQfW4n0yL.','webmanager'),
(22,'helpdeskmanager@cdot.in','9999999922' , 'OP_HEL',   true, 'name22', 'nccs','$2a$10$oUq5k.VdtWn8aLTuWvoEzuq42aQFdu3qFWqsMbublGdPQfW4n0yL.','helpdeskmanager'),
(23, 'scvalidator3@cdot.in','9399999933' , 'SC_VAL',   true, 'scval3', 'nccs','$2a$10$oUq5k.VdtWn8aLTuWvoEzuq42aQFdu3qFWqsMbublGdPQfW4n0yL.', 'scvalidator3'),
(24, 'scvalidator4@cdot.in','9499999944' , 'SC_VAL',   true, 'scval4', 'nccs','$2a$10$oUq5k.VdtWn8aLTuWvoEzuq42aQFdu3qFWqsMbublGdPQfW4n0yL.', 'scvalidator4'),
(25, 'scvalidator5@cdot.in','9599999955' , 'SC_VAL',   true, 'scval5', 'nccs','$2a$10$oUq5k.VdtWn8aLTuWvoEzuq42aQFdu3qFWqsMbublGdPQfW4n0yL.', 'scvalidator5'),
(26, 'scvalidator2@cdot.in','9299999922' , 'SC_VAL',   true, 'scval2', 'nccs','$2a$10$oUq5k.VdtWn8aLTuWvoEzuq42aQFdu3qFWqsMbublGdPQfW4n0yL.', 'scvalidator2'),
(27, 'scevaluator2@cdot.in','9299999922' , 'SC_EVA',   true, 'sceva2', 'nccs','$2a$10$oUq5k.VdtWn8aLTuWvoEzuq42aQFdu3qFWqsMbublGdPQfW4n0yL.', 'scevaluator2'),
(28, 'scevaluator3@cdot.in','9399999933' , 'SC_EVA',   true, 'sceva3', 'nccs','$2a$10$oUq5k.VdtWn8aLTuWvoEzuq42aQFdu3qFWqsMbublGdPQfW4n0yL.', 'scevaluator3'),
(29, 'scevaluator4@cdot.in','9499999944' , 'SC_EVA',   true, 'sceva4', 'nccs','$2a$10$oUq5k.VdtWn8aLTuWvoEzuq42aQFdu3qFWqsMbublGdPQfW4n0yL.', 'scevaluator4'),
(30, 'scevaluator5@cdot.in','9599999955' , 'SC_EVA',   true, 'sceva5', 'nccs','$2a$10$oUq5k.VdtWn8aLTuWvoEzuq42aQFdu3qFWqsMbublGdPQfW4n0yL.', 'scevaluator5'),
(31, 'scevaluator6@cdot.in','9699999966' , 'SC_EVA',   true, 'sceva6', 'nccs','$2a$10$oUq5k.VdtWn8aLTuWvoEzuq42aQFdu3qFWqsMbublGdPQfW4n0yL.', 'scevaluator6'),
(32, 'scevaluator7@cdot.in','9799999977' , 'SC_EVA',   true, 'sceva7', 'nccs','$2a$10$oUq5k.VdtWn8aLTuWvoEzuq42aQFdu3qFWqsMbublGdPQfW4n0yL.', 'scevaluator7');


insert into role(id, name,parent_group)VALUES
(1, 'ROLE_SC_ADMIN', 'SC'),
(2, 'ROLE_SC_DDG', 'SC'),
(3, 'ROLE_SC_DIRECTOR', 'SC'),
(4, 'ROLE_SC_SLR_ADMIN', 'SC'),
(5, 'ROLE_SC_CERTIFICATE_MANAGER', 'SC'),
(6, 'ROLE_SC_VALIDATOR', 'SC'),
(7, 'ROLE_SC_EVALUATOR', 'SC'),
(8, 'ROLE_SAS_ADMIN','SAS'),
(9, 'ROLE_SAS_REVIEWER','SAS'),
(10, 'ROLE_SAS_PROPOSER','SAS'),
(11, 'ROLE_SAS_CONFIGURATOR','SAS'),
(12, 'ROLE_SLR_ADMIN','SLR'),
(13, 'ROLE_SLR_TSTL_APPLICANT','SLR'),
(14, 'ROLE_SLR_TDA','SLR'),
(15, 'ROLE_SLR_TDM','SLR'),
(16, 'ROLE_SLR_TDP','SLR'),
(17, 'ROLE_SLR_TSTL_DESIGNATED','SLR'),
(18, 'ROLE_MTCTE_APPLICANT','MTCTE'),
(19, 'ROLE_OP_ADMINISTRATOR','OP'),
(20, 'ROLE_OP_CONSOLIDATOR','OP'),
(21, 'ROLE_OP_WEB_MANAGER','OP'),
(22, 'ROLE_OP_HELP_DESK_MANAGER','OP');

insert into user_role(user_id, role_id) VALUES
(1,1),
(2,2),
(3,3),
(4,4),
(5,5),
(6,6),
(7,7),
(8,8),
(9,9),
(10,10),
(11,11),
(12,12),
(13,13),
(14,14),
(15,15),
(16,16),
(17,17),
(18,18),
(19,19),
(20,20),
(21,21),
(22,22),
(23,6),
(24,6),
(25,6),
(26,6),
(27,7),
(28,7),
(29,7),
(30,7),
(31,7),
(32,7);

Insert into product(id, name, variant)
VALUES (uuid(), 'Optical Fibre - Single Mode', ' Optical Fibre-G.652.D'),
(uuid(), 'Optical Fibre - Single Mode', ' Optical Fibre-G.655'),
(uuid(), 'Optical Fibre - Single Mode', ' Optical Fibre-G.656');


Insert into sas_app_category(category_id, category_name)
VALUES (1, 'PUBLISH_ITSAR'),
(2, 'PUBLISH_PACKAGE'),
(3, 'REVISE_ITSAR');


Insert into contact_list(id,division, designation, name, telephone, email)
VALUES (1, 'Head of Office', 'Sr.DDG', 'Sivakamy T S', '080-22481216', 'srddg.nccs-dot@gov.in'),
       (2, 'HQ & SC', 'DDG', 'S N Rama Gopal', '080-22481306', 'ddghq.nccs-dot@gov.in'),
       (3, 'HQ & SC', 'Director', 'P Radhika', '080-22481324', 'directorhq.nccs-dot@gov.in'),
       (4, 'HQ & SC', 'ADG', 'K Ram Manohar', '080-22481207', 'adghq.nccs-dot@gov.in'),
       (5, 'HQ & SC', 'AD', 'Ashish Redhu', '080-2248xxxx', 'adhq.nccs-dot@gov.in'),
       (6, 'SAS', 'DDG', 'N D Ramaraju', '080-22481216', 'ddgntb.bg-dot@gov.in'),
       (7, 'SAS', 'Director', 'N Janardhan', '080-2248xxxx', 'dirsas3.nccs-dot@gov.in'),
       (8, 'SAS', 'Director', 'P Pani Prasad', '080-22481225', 'dirttsc3.bg-dot@nic.in'),
       (9, 'SAS', 'Director', 'R Babu Srinivasa Kumar', '080-22100960', 'dirnccs5.bg-dot@gov.in'),
       (10,'SAS', 'Director', 'M Abhishek', '080-2248xxxx', 'dirsas4.nccs-dot@gov.in'),
       (11,'SAS', 'ADG	   ', 'M N Pavan Kumar', '080-22481206', 'adg3ttscbg-dot@gov.in'),
       (12,'SAS', 'ADG	   ', 'Manas Kumar Panda', '080-2248xxxx', 'adg2sasf.nccs-dot@gov.in'),
       (13,'SAS', 'ADG	   ', 'Ashutosh Diwakar', '080-2248xxxx', 'adg3sasf.nccs-dot@gov.in'),
       (14,'SLR', 'DDG	   ', 'N D Ramaraju', '080-22481216', 'ddgttscblr-dot@gov.in'),
       (15,'SLR', 'Director', 'A Naga Jyoti', '080-22481325', 'directorslr.nccs-dot@nic.in'),
       (16,'SLR', 'ADG	   ', 'Manish Kumar', '080-22227111', 'adg2ttscbg-dot@gov.in');


